{
    "loss": 1.027783751487732,
    "accuracy": 0.2884615361690521
}