{
    "loss": 2.0009195804595947,
    "accuracy": 0.29487180709838867
}