{
    "loss": 1.6654388904571533,
    "accuracy": 0.28205129504203796
}