{
    "loss": 0.7317779064178467,
    "accuracy": 0.30128204822540283
}